,acc_0,acc_1,f1_0,f1_1,auc_0,auc_1,pehe,mae,kl_0,kl_1
ClassCaus,0.759375,0.840625,0.7890410958904109,0.9109947643979058,0.8175813008130081,0.796714007240323,0.1833619375248066,0.14737940418417567,0.1800002385250457,0.06790849623096659
lgbm,0.8125,0.8875,0.8214285714285714,0.9347826086956521,0.8150797373358348,0.7703285992759678,0.24962763904248655,0.18978032452596644,0.2026229140470103,0.07103751185971198
xgb,0.8125,0.8875,0.8214285714285714,0.9347826086956521,0.8240697310819262,0.7713032581453634,0.2610619645546496,0.20144778198973654,0.19804996377252668,0.0987330399365457
