,acc_0,acc_1,auc_0,auc_1,pehe,DTV_0,DTV_1
ClassCaus,0.725,0.8140625,0.8297764227642277,0.8298515869905956,0.027079394855040472,0.16099267617458857,0.08048891713823692
lgbm,0.8078125,0.8328125,0.7634312460913071,0.712823275862069,0.34338684420564874,0.19899025963040398,0.14655562092701546
