,acc_0,acc_1,auc_0,auc_1,pehe,DTV_0,DTV_1
ClassCaus,0.7140625,0.83125,0.7717517770021216,0.8250721216889588,0.04722716665964285,0.16229659427777993,0.09655059765992188
xgb,0.7640625,0.9046875,0.668915417632163,0.7122344610542879,0.40890709057865005,0.24749956841881748,0.2084001636391195
lgbm,0.7640625,0.9046875,0.6638312850145192,0.7044977707841594,0.40890709057865005,0.24208904396518935,0.19269570397073582
