,acc_0,acc_1,auc_0,auc_1,pehe,DTV_0,DTV_1
ClassCaus,0.7671875,0.8796875,0.8419812473723833,0.8386826880284823,0.038862297987010734,0.1368927004573101,0.05443372659059291
lgbm,0.8046875,0.8984375,0.7835234994475894,0.8240676457498888,0.23331875754128525,0.18297898542728586,0.0632376585466182
xgb,0.8046875,0.8984375,0.7917949921293717,0.8289630618602581,0.25771682351182046,0.18949255458572098,0.11012774460378816
