,acc_0,acc_1,f1_0,f1_1,auc_0,auc_1,pehe,mae,kl_0,kl_1
ClassCaus,0.6921875,0.73125,0.6786296900489397,0.803203661327231,0.7663743290411522,0.8058970856102003,0.015523208275584852,0.10306416948442347,0.1575809122788431,0.11320775728899224
lgbm,0.753125,0.7921875,0.7484076433121019,0.8380024360535933,0.6677519334369715,0.6636653419440305,0.40874461022047115,0.3242487505031414,0.24504826158378362,0.17675679088625765
