,acc_0,acc_1,auc_0,auc_1,pehe,DTV_0,DTV_1
ClassCaus,0.696875,0.721875,0.7583753364325913,0.7884321736618382,0.02911901068709529,0.1572382254915272,0.12929692261121578
lgbm,0.7703125,0.8125,0.6979985319305113,0.6669246007180885,0.40471845632624254,0.24254388771328667,0.17934696760586605
