,acc_0,acc_1,auc_0,auc_1,pehe,DTV_0,DTV_1
ClassCaus,0.76875,0.85625,0.8494068196103081,0.8620743274762868,0.0441693748636261,0.13349476357722959,0.0637579356853176
lgbm,0.80625,0.9,0.7714094908862349,0.827536757718689,0.24159760208986425,0.1924160214758597,0.06514800234298926
xgb,0.80625,0.9,0.7759369107479572,0.8223362532179201,0.2608452437162731,0.1966111897695825,0.11427145910934575
